floor,total_units,studios,three_beds,four_beds,total_rent,avg_rent
1,6,1,2,3,6400,1066.6666666666667
2,6,1,2,3,6400,1066.6666666666667
3,6,1,2,3,6400,1066.6666666666667
4,6,1,2,3,6400,1066.6666666666667
5,6,1,2,3,6400,1066.6666666666667
6,6,1,2,3,6400,1066.6666666666667
7,6,1,2,3,6400,1066.6666666666667
8,6,1,2,3,6400,1066.6666666666667
9,6,1,2,3,6400,1066.6666666666667
10,6,1,2,3,6400,1066.6666666666667
11,6,1,2,3,6400,1066.6666666666667
